X,Y,Id,Name,icon_url
146.143881281822,-8.0557270364077,"0",Base Camp,./0.png
